https://github.com/open-cluster-management/application-chart,stable/application-chart,03cfc648fcfcc2aff7da29341c2fad4a869cfed0
https://github.com/open-cluster-management/cert-manager-chart,stable/cert-manager,093145039f5d4de468c5411ef79115858864f795
https://github.com/open-cluster-management/cert-manager-webhook-chart,stable/cert-manager-webhook,728808145eb980d3f73ff4077a3f9e01c97316dd
https://github.com/open-cluster-management/cluster-lifecycle-chart,stable/cluster-lifecycle,82c90886effc87f918cc32560a3679a7da19f3fe
https://github.com/open-cluster-management/configmap-watcher-chart,stable/configmap-watcher,51d89c8e6f8f49d3c2a0accff605137b2cee6743
https://github.com/open-cluster-management/console-chart,stable/console-chart,e8e9b99a2f9dee41c6f3ebf704aa6a7f6eaed3b1
https://github.com/open-cluster-management/grc-chart,stable/grc,9b69ddac0ab50a06f636675b23a5c4001eba5ceb
https://github.com/open-cluster-management/kui-web-terminal-chart,stable/kui-web-terminal,7fa41f76d6eb59d3a9c5843b4e5f7ce8fa3c32ac
https://github.com/open-cluster-management/management-ingress-chart,stable/management-ingress,7f9145fa2c821c6859d765a399c13bc63a6b80f2
https://github.com/open-cluster-management/search-chart,stable/search-prod,96ec8f600b3b41ba98769198beb195e2a795c1e4
